,Burst_Error_Rate,Distance,Physical_Error_Rate,Number_of_Rounds,Logical_Error_Rate
0,0.095,3,0.0225,64,0.34251
1,0.095,3,0.0225,96,0.41151
2,0.095,3,0.0225,128,0.44871
3,0.095,3,0.0225,160,0.47035
4,0.095,3,0.0225,192,0.48383
5,0.095,3,0.0225,64,0.37007
6,0.095,3,0.0225,96,0.42897
7,0.095,3,0.0225,128,0.4615
8,0.095,3,0.0225,160,0.47627
9,0.095,3,0.0225,192,0.48502
10,0.095,5,0.0225,64,0.18289
11,0.095,5,0.0225,96,0.24752
12,0.095,5,0.0225,128,0.29834
13,0.095,5,0.0225,160,0.34065
14,0.095,5,0.0225,192,0.36821
15,0.095,5,0.0225,64,0.24799
16,0.095,5,0.0225,96,0.29683
17,0.095,5,0.0225,128,0.3386
18,0.095,5,0.0225,160,0.36908
19,0.095,5,0.0225,192,0.39771
20,0.095,7,0.0225,64,0.07918
21,0.095,7,0.0225,96,0.11707
22,0.095,7,0.0225,128,0.14908
23,0.095,7,0.0225,160,0.17747
24,0.095,7,0.0225,192,0.20365
25,0.095,7,0.0225,64,0.16338
26,0.095,7,0.0225,96,0.19363
27,0.095,7,0.0225,128,0.2184
28,0.095,7,0.0225,160,0.24199
29,0.095,7,0.0225,192,0.26162
